Name,Role,Company
Aaron Kinworthy,"VP, Federal Sales",Databricks
Aayush Patel,Data & Platform Engineer,Skywatch
Abhishek Patel,Head of Databricks COE,LTIMindtree
Adam Sanders,Architect,Microsoft
Adam Wilson,"Co-Founder, Chief of Product","Divirod, Inc."
Adi Polak,Data & AI Expert,Technologist
Adriana Ispas,Staff Product Manager,Databricks
Ajali Sen,Senior Manager,Accenture
Ajmal Aziz,Solutions Architect,Databricks
Akira Ajisaka,Senior Software Development Engineer,Amazon Web Services
Alan Grogan,"Global Executive Lead, Data Platform Modernization",Avanade
Alana Weiss,Strategic Account Executive - Financial Services,Databricks
Albert Hu,Senior Analytics Engineer,Rec Room
Alessandro Garavaglia,Lead ML Engineer,Gucci
Alex Li,CEO,Kubit
Alexander Booth,Assistant Director of Research & Development,"Texas Rangers Baseball Club, LLC"
Alexander Vanadio,Principal Consultant,Optiv
Ali Ghodsi,Co-founder and CEO,Databricks
Alina Smirnova,Sr Software Engineer,"VIZIO Services, LLC."
Alkis Polyzotis,"Technical Lead, Machine Learning",Databricks
Allison Cheng,Software Engineer,DoorDash
Allison Wang,Software Engineer,Databricks
Allison Portis,Software Engineering,Databricks
Alon Gubkin,Co-Founder & CTO,Aporia
Aman Kapoor,"Head ,Data Platform Services",Petronas
Amanda Liu,,Databricks
Amanda Milberg,Senior Partner Sales Engineer,Dataiku
Amine Benhamza,Lead Solutions Architect,Databricks
Amir Skovronik,Distinguished Software Engineer,Akamai
Amit Kara,"Director, Technical Product Marketing",Databricks
Ananya Ghosh,Business Application Owner for Databricks,Nationwide Insurance
Andrew Sitz,Solutions Architect,Lovelytics
Andrew Blance,Innovation Consultant,Waterstons
Andria Fuquen,Technical Program Manager,Immuta
Andy Hanks,"Senior Data Architect, Analytics Platform",CRISP Shared Services
Andy Kofoid,"President, Global Field Operations",Databricks
Anfisa Kaydak,"VP, Data Product & Engineering",Healthverity
Angela Chu,Senior Solution Architect,Databricks
Anil Puliyeril,Senior Architect,Habu
Anindita Mahapatra,Lead Solutions Architect,Databricks
Anindya Saha,ML Platform Software Engineer,
Ankit Mathur,Software Engineer,Databricks
Ankit Sharma,Senior Technology Architect,Infosys
Anna Russo,Global Director of Data Science,Gucci
Anton Okolnychyi,Software Engineer,Apple
Antoni Baum,Software Engineer,Anyscale
Antonio Castelo,,Collibra
Anup Segu,Co-Head of Data Engineering,YipitData
Ari Kaplan,Head of Evangelism,Databricks
Arsalan Tavakoli-Shiraji,Co-founder & SVP of Field Engineering,Databricks
Artem Meshcheryakov,Consultant,ORAYLIS GmbH
Arthur Li,Senior Software Engineer,Instacart
Arun Pamulapati,Sr. Staff Security Field Engineer,Databricks
Ashish Mehta,Vice President - Data & Analytics Practice,Infosys
Ashish Verma,U.S. Growth and Innovation Leader,Deloitte Consulting
Ashwin Gangadhar,Senior Solutions Architect,MongoDB
Atiyah Curmally,Principal Environmental Specialist,International Finance Corporation
Avinash Sooriyarachchi,Senior Solutions Architect,Databricks
Bala Amavasai,Global Technical Director,Databricks
Basak Eskili,ML Engineer,Ahold Delhaize
Beinan Wang,Senior Staff Software Engineer,Alluxio
Ben Parsons,Co-Founder,Tufa Labs
Ben Wilson,Principal Specialist Solutions Architect,Databricks
Benyue (Emma) Liu,Staff Product Manager,Databricks
Beth Mattson,Senior Data Engineer,Our Family Wizard
Bin Mu,VP of Enterprise Data & Analytics,Adobe
Binwei Yang,software engineer,intel
Blaise Sandwidi,"Lead Data Scientist, As. ESG Officer, PhD",International Finance Corporation (IFC)–World Bank Group
Bob Zhang,Senior Technical Program Manager,Microsoft
Brad Corwin,Chief Data Scientist,Booz Allen Hamilton
Bradley Axen,Machine Learning Engineer,Block
Brendan Barsness,Data and Analytics Architect,Deloitte
Brian Davis,Regional Direcrtor,Databricks
Brian Erickson,Chief Data & Artificial Intelligence Officer (CDAO),U.S. Coast Guard
Brian Battaglia,"Executive, Property Intelligence Solutions",CoreLogic
Brooke Wenig,"Director, Machine Learning Practice",Databricks
Can Efeoglu,Staff Product Manager,Databricks
Chang She,CEO,LanceDB
Chao Sun,Software Engineer,Apple
Chelsea Weintraub,SI Partner Program Lead,Databricks
Chen Guo,Staff Software Engineer,Coinbase
Cheng Yin Eng,Senior Data Scientist,Databricks
Chetan Kalanki,"VP, Global Engineering Services",Impetus Technologies Inc.
Chris Inkpen,Solutions architect,Honeywell
Chris Vo,Lead Member of Tech Staff,AT&T
Chris Stevens,Senior Staff Software Engineer,Databricks
Chris Mantz,Data Architect,Slalom
Chris Hecht,"SVP, Corp Dev and Partnerships",Databricks
Christian Acuña,Senior Data Engineer,Grammarly
Christina Taylor,Senior Staff Data Engineer,Catalyst Software
Christina Taylor,Senior Staff Engineer,Catalyst Software
Christina Taylor,Data Engineer,Toptal
Christopher Locklin,"Engineer Manager, Data Platform",Grammarly
Chunxu Tang,Research Scientist,Alluxio
Cody Davis,Senior Solutions Architect,Databricks
Cody Ferguson,Data & AI Management Branch Chief,Chief Digital and Artificial Intelligence Office - Advana
Conor Murphy,Senior Data Science Manager,Databricks
Corey Zwart,Chief Technology Officer,PumpJack Dataworks
Corey Zumar,Software Engineer,Databricks
Cort Lunke,Data & Analytics Lead - Truterra,Land O'Lakes
Craig Wiley,"Sr. Director of Product, Lakehouse AI",Databricks
Cyrielle Simeone,Principal Product Marketing Manager,Databricks
Dael Williamson,Field CTO,Databricks
Dan Smith,Head of Technology Data & Analytics,Perenti Group
Dan Houston,"Manager, Data Science and Exploration  Advanced Analytics",USPS
Danica Fine,Senior Developer Advocate,Confluent
Daniel Tenedorio,Sr. Staff Software Engineer,Databricks
Daniel Zafar,Resident Solutions Architect,Databricks
Daniela Rus,Professor of EECS and Director of the Computer Science and Artificial Intelligence Laboratory (CSAIL),MIT
Darshana Sivakumar,Staff Product Manager,Databricks
David Talby,CTO,John Snow Labs
David Skinner,Chief Strategy Officer,Acxiom
David Tempelman,Resident Solutions Architect,Databricks
Dawn Song,"Professor, Department of Electrical Engineering and Computer Science",UC Berkeley
Declan Meaney,Solutions Engineer,Databricks
Deepa Paranjpe,Director of Engineering,Discovery
Deepak Sekar,Sr. Solution Architect,Databricks
Demetrios Brinkmann,Founder,MLOps Community
Dennis Tally,Executive Director,KPMG US
Denny Lee,Sr. Staff Developer Advocate,Databricks
Derek Sugden,Ad Measurement Lead – Measurement & Attribution,Effectv
Derek Slager,CTO,Amperity
Derrick Olson,IT Data Science Manager,JetBlue
Devlina Das,Senior Software Engineer,Instacart
Deylo Woo,Data Engineer Architect,Providence Health Services
Diane Woodbridge,"Chair, Associate Professor","MS in Data Science, University of San Francisco"
Dilip Biswal,Senior Architect,Adobe
Dillon Bostwick,Solutions Architect,Databricks
Dipankar Mazumdar,Developer Advocate,Dremio
Don Vu,Chief Data Officer,Northwestern Mutual
Don Scott,"VP, New Product Development",Hitachi Solutions America
Don Bosco Durai,Cofounder and CTO,Privacera
Donghwa Kim,Sr. Director of IT Architecture,"Ontada, a McKesson Company"
Douglas Moore,Lead Specialist Solutions Architect,Databricks
Edward Chiu,CEO,Catalyst
Egor Gryaznov,CTO and Co-founder,Bigeye
Ellen Sulcs,"Director, Data Products & Engineering",T-Mobile
Ellie Hajarian,Snr IT Manager,TD Bank
Elliot Shmukler,Co-Founder & CEO,Anomalo
Emad Mostaque,CEO,stability.ai
Emmanuel Ameisen,,Anthropic
Eric Michielli,"Senior Director, Data and Weather Technology",AccuWeather
Eric Schmidt,"Former CEO and Chairman, Google; Co-Founder",Schmidt Futures
Eric Peter,Sr Staff Product Manager,Databricks
Erika Ehrli,Senior Director of Product Marketing,Databricks
Erin Boelkens,VP of Product,LiveRamp
Erni Durdevic,Specialist Solutions Architect (Geospatial),Databricks
Fabian Jakobs,Sr Staff Software Engineer,Databricks
Fabien Cochet,IT Expert on Data and Analytics,Michelin
Fabio Luis Correia da Silva,Architecture Specialist,Bradesco
Fahad Khan,"Head of Product Management, CVML and Data Platform",Blue River Technology
Faraz Yasrobi,Software Engineer,Grammarly
Francesco Pizzolon,"Director, Analytics Architect",Avanade UK LTD
Francisco Rius,Head of Data Science and Data Engineering,Minecraft at Microsoft
Franco Patano,Lead Product Specialist,Databricks
Frank Munz,Principal Technical Marketing Engineer,Databricks
Ganesh Deivarayan,Sr Manager,American Airlines
Ganesh Chand,Lead Specialist Solutions Architect,Databricks
Gary Jones,Chief Data Engineer,S&P Global Sustainable1
Gaurav Saraf,Product Manager,Databricks
Gavin Edgley,"Global Leader, Value Acceleration",Databricks
Gavita Regunath,Principal Data Scientist,Advancing Analytics
Gengliang Wang,Software Engineer,Databricks
Geoffrey Freeman,Solutions Architect,T-Mobile
George Webster,Chief Security Architect,HSBC
Gerard Sola,Data Engineering Tech Lead,Zurich Insurance Group
Gidon Gershinsky,Lead Systems Architect,Apple
Gilad Asulin,Big Data Engineer Team Leader,"Akamai Technologies, Inc"
Graziano Belmonte,Global IT AI & Data Director,Barilla
Greg Nelson,VP of Data Operations,Highmark Health
Greg Kroleski,Product Management,Databricks
Greg Owen,Staff Software Engineer,Sigma Computing
Gregory Little,DCDAO for Enterprise Platforms and Business Optimization,DoD CFO Transformation Office
Hannes Mühleisen,Co-Founder and CEO,DuckDB Labs
Hao Zhu,Senior Manager,NVIDIA
Hari Rajaram,Sr Director / Principal Data Architect,Procore
Harrison Chase,CEO,LangChain
Harsh Mishra,Lead Enterprise Architect,Australian Rail Track Corporation
Heiko Udluft,Chief Technology Officer,"Divirod, Inc."
Himanshu Raja,"Sr Manager, Product Management, Databricks",Databricks
Himanshu Arora,Resident Solutions Architect,Databricks
Hitesh Sahni,Head of Cloud Data Platforms and Data Engineering Solutions,Deutsche Post DHL
Holly Smith,Senior Resident Solutions Architect,Databricks
Huaxin Gao,Software Engineer,Apple
Hugh Burgin,"Principal, Data & AI Leader",EY
Hyukjin Kwon,Staff Software Engineer,Databricks
Ian Galloway,"Senior Director, Applications",Collins Aerospace
Ian Sotnek,Director of Product,"AI Squared, Inc"
Ifigeneia Derekli,Field Engineering Manager & Unity Catalog Specialist,Databricks
Ioannis Papadopoulos,Cloud Technologist,Databricks
Itai Weiss,Principal partner SA,Databricks
Itai Yaffe,Senior Big Data Architect,Akamai
Ivan Peng,Software Engineer,DoorDash
Jacek Laskowski,IT Freelancer,japila.pl
Jackie Brosamer,Director of Software Engineering,Block
Jacob Renn,Chief Technologist,"AI Squared, Inc"
Jacolon Walker,Co-founder & CTO,Monad
Jaison Dominic,Senior Manager Information Systems,Amgen
Jakob Mund,Sr. Product Manager,Databricks
James Demmel,Dr. Richard Carl Dehmel Distinguished Professor,"University of California, Berkeley"
Jamie Baker,Director of Product,Matillion
Jan Neumann,"VP, Machine Learning",Comcast
Janet Cinfio,Chief Information Officer,Acxiom
Janine Pratt,"General Manager, Healthcare & Medical Devices",Wipro Technologies
Jason Xu,Senior Software Engineer,Airbnb
Jason Shiverick,Data Platform Manager,Rivian
Jay Yang,Principal Data Engineer,Procore
Jay Bhankharia,"Senior Director, Data Partnerships",Databricks
Jaylyn Stoesz,Staff Data Engineer,Ibotta
Jeff Mroz,Technical SME for Cloud and Big Data,Woolpert / US Army Corps of Engineers
Jeff Breeding-Allison,Senior Data Scientist,Mars Petcare
Jeffrey Parkinson,"VP, Core Data Engineering",Northwestern Mutual
Jeffrey Hess,Lead Technologist,Booz Allen Hamilton
Jeffrey Chou,"Co-Founder, CEO",Sync Computing
Jegadeesan Pugazhenthi,Lead Big Data Engineer,AT&T
Jennifer Swanson,Deputy Assistant Secretary of the Army (Data - Engineering - Software),The United States Army
Jeremy Lewallen,Product Manager,Databricks
Jiajun Yao,Software Engineer,Anyscale
Jibreal Hamenoo,Senior DevOps Engineer,Corning Incorporated
Jim Thorstad,Solutions Architect,Databricks
Jim O'Connor,Senior Vice President,Databricks
Jitendra Malik,"Computer Vision Pioneer, Former Head of Facebook AI Research",University of California at Berkeley
Joanna Gurry,"Executive, Data Delivery",National Australia Bank (NAB)
Joe Walsh,Director of Measurement & Attribution,Effectv
John Kutay,Director of Product Management,Striim
John Thompson,"Global Head, Artificial Intelligence",EY
John Derrico,"VP, Data Strategy",Mastercard
John Roussel,CIO,California Department of Public Health (CDPH)
Jojy Matthew,Principal,Deloitte
Jon Osborn,Field CTO,Ascend.io
Jonathan Keller,"Sr. Director, Product Management",Databricks
Jonathan Hollander,"VP, Enterprise Data Technology Platforms",TD Bank
Jordan Donmoyer,"Manager, Customer Data Solutions",The Hershey Company
Jordan Peck,Principal Technical Account Manager,Snowplow
Jose L Sanchez Ros,Head of Data Solution Architecture,Zurich Insurance
Joseph D'Auria,Director Data & Analytics,Department of Veterans Affairs
Joseph Sarsfield,Machine Learning Engineer,Marks & Spencer
Joseph Bradley,Lead Product Specialist,Databricks
Jude Boyle,VP Public Sector,Databricks
Jules Damji,Lead Developer Advocate,Anyscale
Julie Ferris,"Vice President, Advanced Analytics",Definitive Healthcare
Julien Le Dem,Chief Architect,Astronomer
Jun Rong Lau,Data Engineer/Analyst,GrabTaxi Holding Pte Ltd
Junta Nakai,Global VP - Financial Services GTM,Databricks
Justin DeBrabant,SVP of Product,ActionIQ
Justin Lai,Distinguished Data Architect,BlackBerry
Justin Thompson,"Director, IT Data and Analytics",JetBlue
Justin Breese,Staff Product Manager,Databricks
Kannan Alagappan,Senior Vice President and Chief Technology Officer,DISH Network
Karl Albertsen,Head of Generative AI Model Hub,Amazon Web Services
Karthik Ramasamy,Head of Streaming,Databricks
Kasey Uhlenhuth,Staff Product Manager,Databricks
Keith Anderson,Solution Principal,Hitachi Solutions
Kelly Albano,Product Marketing Manager,Databricks
Ken Priyadarshi,Global Tax Prompt Engineering Leader,EY
Keshav Santhanam,PhD Student,Stanford University
Keyuri Shah,Lead Software Engineer,Northwestern Mutual Insurance
Kieran Taylor,Senior Software Engineer II,Instacart
Kori O'Brien,,Databricks
Krishti Bikal,Senior Executive - Director BI & Analytics,Emerald
Kristen Odonnell,Federal Director - National Security,Databricks
Kyle Hale,Product Specialist,Databricks
Kylie Taylor,Data Scientist,Mars Petcare
Lakhan Prajapati,Director of Architecture and Engineering,ZS associates
Lakshmi Jagannathan,Head of Databricks CoE,EPAM UK
Larry Feinsmith,"Head of Global Tech Strategy, Innovation and Partnerships",JP Morgan Chase & Co.
Lauren Schwartz,Vice President of Enterprise Sales,Fivetran
Layla Yang,"Industry Vertical Lead SA - Communications, Media & Entertainment",Databricks
Lee Yang,Sr. Principal SW Engineer,NVIDIA
Leo Duncan,Sr. Solutions Architect,Kyvos Insights Inc.
Leon Eller,Sr Solutions Architect,Databricks
Lewis Mbae,Head of Customer Engineering,RudderStack
Lin Qiao,"Former Head of PyTorch, Co-founder and CEO",Fireworks
Lindsay Mico,Head of Data Science,Providence Health
Lindsey Woodland,Group Vice President of Client Data Science,605
Lior Gavish,CTO and Co-founder,Monte Carlo Data
Liping Huang,Senior Solutions Architect,Databricks
Lisa Berke,"AVP, Technology Data Management",Nationwide
Lorenzo De Tomasi,"AI, Data and Platforms Engineering Manager at Barilla",Barilla
Luk Verhelst,Data Architect,Volvo Group (consultant)
Luke Pritchard,"Managing Director, Databricks Data Leader",EY
Maarten Peschier,"Vice President, Engineering, Data & Analytics",Kantar
MacGregor Winegard,Associate Data Engineer,KPMG
Maciej Szpakowski,Co-founder,Prophecy
Madalina Tanasie,Chief Technology Officer,Collibra
Madhan Venkatesan,Sr. Data Engineer,American Airlines
Maggie Davis,"Principal, Data Engineering",Slalom
Mahesh Prakriya,Director in Intelligence Platform,Microsoft
Malav Shah,Senior Data Scientist,DIRECTV
Manasa Natala,Data Architect,Ibotta
Manbir Paul,"VP of Engineering, Data Insights and MarTech",Sephora
Manu Sharma,CEO,Labelbox
Manu Bansal,,Lightup
Marc Andreessen,Co-Founder and General Partner,Andreessen Horowitz
Marcel Kramer,Head of Data Engineering,ABN AMRO Bank N.V
Maria Vechtomova,Lead ML Engineer,Ahold Delhaize
Marianna Cervino,Senior Data Scientist,Gucci
Marius Panga,Solutions Architect,Databricks
Mark Lee,Senior Specialist Solutions Architect,Databricks
Martin Grund,Senior Staff Software Engineer,Databricks
Mary Grace Moesta,Senior Data Scientist,Databricks
Mat Keep,"Senior Director, MongoDB Products Team",MongoDB
Matei Zaharia,Co-founder and Chief Technologist; Original Creator of Apache Spark™ and MLflow,Databricks
Matt Sandler,Senior Director of Data and Analytics at McDonald's,McDonalds Corporation
Matteo Quattrocchi,"Director, Policy-EMEA",BSA
Matthew Doxey,Senior Epidemiologist,Washington State Department of Health
Matthew Karasick,Chief Product Officer,Habu
Matthew Hayes,Vice President of SAP Business,Qlik
Matthew Powers,Developer Advocate,Databricks
Maxime Agostini,CEO,Sarus Technologies Inc
Meena Ram,"Sr Director, Enterprise Data and Records Management Office",CIBC
Megan Fogal,Solutions Architect,Databricks
Menglei Sun,Senior Software Engineer,Databricks
Mengxi Chen,Engineering Manager,Databricks
Miao Wang,Senior Engineering Manager,Adobe
Michael Milirud,Head of Product Observability,Databricks
Michael Powell,"Chief, Immunization Branch, Infectious Diseases",California Department of Public Health (CDPH)
Michael Carbin,"Founding Advisor, MosaicML and Associate Professor, Department of Electrical Engineering and Computer Science",Massachusetts Institute of Technology
Michael Green,Senior Data Scientist,Hitachi Solutions America
Michael Shtelma,Lead Specialist Solutions Architect,Databricks
Michael Lynch,Sr Director of Product Management,IQVIA
Michael Armbrust,Distinguished Engineer,Databricks
Michael Sanky,"RVP, Industry Solutions, Healthcare and Life Sciences",Databricks
Mike Del Balso,Co-founder + CEO,Tecton
Milos Colic,Tech Lead EMEA Public Sector - Sr. Solutions Architect,Databricks
Ming Dai,Software Engineer,Databricks
Miranda Luna,Product Management,Databricks
Mitch Ertle,Partner Solutions Engineer,Sigma Computing
Mitesh Shah,"VP, Market Strategy",Prophecy
Moe Steller,AI Adoption - Field Engineering,Databricks
Mohan Kolli,IT Director,LabCorp
Mojgan Mazouchi,Sr. Specialist Solutions Architect,Databricks
Morgan Hsu,"Director, Data and ML Engineering",FanDuel
Mostafa Mokhtar,Principal Software Engineer,Databricks
Muhammad Bilal Aslam,Sr Director of Product,Databricks
Murali Madireddi,Architect,Accenture
Nadine Farah,Head of Dev Rel,Onehouse
Nana Yaw Essuman,"Sr. Director, Data Engineering & Data Warehousing",Conde Nast
Naresh Yegireddi,Staff Data Engineer,Indigo AG
Natalia Demidova,"Director-Solution Principal, Data Science and Artificial Intelligence, North America",Hitachi Solutions America Ltd.
Naveed Farooqui,"Senior Director, Data and CVML Platform",Blue River Technology
Naveen Zutshi,Chief Information Officer,Databricks
Neeraj Dixit,AVP – Senior Industry Principal – Analytics Consulting,Infosys Ltd
Neha Sharma,Engineering Manager,Databricks
Neil Patel,Lead Specialist Solutions Architect,Databricks
Nic Jansma,Senior Principal Lead Engineer,Akamai
Nicholas Woodbrige,"Senior Director Commercial Data & Digital Architecture Commercial Products, Analytics, Technology",GlaxoSmithKline
Nick King,Founder & CEO,Data Kinetic
Nicolas Pelaez,Technical Marketing,Databricks
Niels Hanson,"Specialist Director, Data Science",KPMG
Nisha Paliwal,Managing VP-Enterprise Data and Machine Learning,Capital One
Nitu Nivedita,Managing Director,Accenture
Noam Bressler,ML Team Lead,Deepchecks
Noritaka Sekiyama,Principal Big Data Architect,Amazon Web Services
Oliver Dykstra,Data Engineer,Texas Rangers
Onik Kurktchian,Head of S&P Global Marketplace Workbench,S&P GLOBAL
Ori Zohar,Principal Product Marketing Manager,Databricks
Oz Katz,"CTO @ Treeverse, co-creator of lakeFS",Treeverse LTD
Pamela Pettit,Solutions Architect,Databricks
Parth Chandra,Software Engineer,Apple
Parviz Deyhim,Lead Product Specialist,Databricks
Pascal van Bellen,Senior Consultant,ORAYLIS GmbH
Patrick Hall,Principal Scientist | Visiting Faculty,BNH.AI | GWU
Patrick Wendell,Co-founder and VP of Engineering,Databricks
Paul Mracek,Senior Solutions Architect,Databricks
Paul Roome,Staff Product Manager,Databricks
Paul Lentz,SVP Business Development,AccuWeather
Paul Wellman,"VP, Executive Product Owner, Data as a Service",TD Bank
Paula Martinez,CEO & Cofounder,Marvik
Pearl Ubaru,Sr. Technical Marketing Engineer,Databricks
Pedro Boareto,Chapter Leader of Analytics Engineering,Bradesco
Phani Nalluri,Engineering Manager,DoorDash
Philippe Leonhart,"Digital Transformer, Corporate Business Services",Michelin
Piet Loubser,Senior Vice President Marketing,Privacera
Pieter Noordhuis,Sr. Staff Software Engineer,Databricks
Pouya Barrach-Yousefi,"Director, Data Strategy",Prophecy
Prashanth Babu,Lead Product Specialist,Databricks
Prateek Chawla,Founding Engineer,Monte Carlo
Praveen Vemulapalli,Director- Technology,AT&T
Pritesh Patel,"Public Sector Leader, UK&I",Databricks
Priyam Dutta,Senior Staff Software Engineer,Databricks
Pulkit Chadha,Sr. Solutions Architect,Databricks
Puneet Jain,Specialist Solution Architect,Databricks
Rachel Belino,Chief HR Data & Security Officer,Mars
Radhika Rangarajan,Co-Founder and Executive Officer,Women in Big Data
Rafael Barcelos,Software Architect,Microsoft Corporation
Rafi Kurlansik,Lead Solutions Architect,Databricks
Raghu Jayachandran,Senior Manager Enterprise Data,RaceTrac Inc.
Rahil Bhatnagar,"Development Lead, LOLA",Anheuser Busch
Rahul Pandey,Solution Architect,adidas
Raj Bains,Founder and CEO,Prophecy Inc
Raja Lanka,Executive Director of Cloud Tech,Morgan Stanley
Rajesh Iyer,Vice President Financial Services Insights & Data,Capgemini
Rakesh Kumar,Staff Software Engineer,Lyft Inc
Rakesh Singh,Lead Architect,ABN AMRO Bank N.V
Ramachandran Venkat,"Field Engineering Leader, Migrations",Databricks
Ravi Gawai,Lead Specialist Solutions Architect,Databricks
Rebecca Bucnis,Global Go to Market Lead - Modern Data Platform,Accenture
Reynold Xin,Co-founder and Chief Architect,Databricks
Reza Shabani,,Lexy Ai
Ricardo Portilla,Principal Solution Architect,Databricks
Rick Schultz,CMO,Databricks
Risha Ravindranath,"Sr Manager, Data Governance",Comcast Advertising
Rob Bajracharya,AI and ML Engineer,JetBlue
Rob Saker,"Global VP, Retail and Manufacturing",Databricks
Rob Reed,"Staff Program Manager, Worldwide University Engagement for Databricks",Databricks
Robert Lombardi,"Director, Product Management",Blackberry
Robin Sutara,Field CTO,Databricks
Robinson Creighton,Senior Manager of DataOps,Comcast Advertising
Rodrigo Beceiro,CTO & Cofounder,Marvik
Roger Murff,"VP, Business Development and Partner",Databricks
Roger Dunn,"Co-founder, CTO",Exponam
Roie Schwaber-Cohen,Staff Developer Advocate,Pinecone
Roland Fäustlin,Product Manager,Databricks
Romit Jadhwani,"Sr. Director, Data Analytics, Engineering and Integrations",Databricks
Ron Gabrisko,Chief Revenue Officer,Databricks
Rong Ma,Software Engineer,intel
Ronke Ekwensi,Vice President and Chief Data Officer,T-Mobile
Ruifeng Zheng,Senior Software Engineer,Databricks
Ryan Boyd,Co-founder,MotherDuck
Ryan Johnson,Senior Staff Engineer,Databricks
Ryan Kennedy,Sr. Solutions Architect,Databricks
Ryan Harris,Principal Cybersecurity Engineer,HSBC
Saad Ansari,Senior Staff Product Manager,Databricks
Sachin Balgonda Patil,Solutions Architect,Databricks
Sai Ravuru,Senior Manager of Data Science & Analytics,JetBlue
Salman Mohammed,,Square
Sameer Bhide,Director of Technology,Gathr Data
Samrat Ray,Senior Staff Product Manager,Databricks
Sandy Ryza,Lead Engineer on the Dagster Project,Elementl
Sanjeev Mohan,Principal at SanjMo and Former Gartner Research VP,SanjMo
Sanket Amin,Senior Manager of CAS Data Science and Analytics,Collins Aerospace
Sarah Pollitt,Group Product Manager,Matillion
Sarah Branfman,"VP, ISV Sales",Databricks
Sarang Bapat,Director Data Engineering,United Airlines
Satish Garla,Snowflake Migrations Lead,Databricks
Satish Narayanan,"Senior Vice President, Head of Data as a Service",TD Bank
Satish Padiyar,"Div. Vice President, Data Analytics and Intelligence Platforms & Governance",Health Care Service Corporation
Satya Nadella,Chairman and CEO,"Microsoft, Live Virtual Guest"
Scott Castle,Chief Strategy Officer,Sisense
Scott Bell,Principal Consultant and Databricks SME,RapidData
Scott Lerner,Customer Success Manager,Monte Carlo
Scott Starbird,"General Counsel, Public Affairs and Strategic Partnerships",Databricks
Scott Meier,"Director, Data Analytics Service, Financial Services Center",U.S. Department of Veterans Affairs
Scott Haines,Distinguished Software Engineer,Nike
Sean Knapp,Founder & CEO,Ascend.io
Sean Gorsky,Head of Data Science,Sync Computing
Sean Owen,Principal Product Specialist,Databricks
Serge Smertin,Solutions Architecture Leader,Databricks
Seth Babcock,Head of Connected Aviation Tech Ops Solutions and Analytics,Collins Aerospace
Sharon Zhou,CEO & Cofounder,Lamini
Shasidhar Eranti,Specialist Solutions Architect,Databricks
Shawn Herring,VP Business Intelligence,Acuity Brands Lighting
Shawn Gilleran,Principal Cloud Solutions Lead,LiveRamp
Shawn Benjamin,Data and Business Intelligence Chief,Department of Homeland Security - USCIS
Shir Chorev,Co-founder and CTO,Deepchecks
Shitao Li,Software Engineer,Databricks
Shiv Trisal,"GTM Director, Manufacturing & Energy",Databricks
Shuo Chen,Principle Data Scientist,Tencent
Sid Rabindran,"Director, Partner Strategy & Operations",Databricks
Siddharth Bhai,"Sr. Manager, Product Management",Databricks
Simon Whiteley,CTO,Advancing Analytics
Sirui Sun,Staff Product Manager,Databricks
Slava Frid,CTO,WorldQuant Predictive
Sneh Kakileti,"Vice President, Product Management",ZoomInfo
Sonali Bhavsar,"Managing Director, Data and AI",Accenture
Spencer Cook,Senior Solutions Architect - Financial Services,Databricks
Sravan Kasarla,Chief Data Officer,Thrivent
Sreeharsha Alagani,"Associate Principal, Engineering",TheMathCompany
Sreekanth Ratakonda,Principal Solutions Architect,Labcorp
Sridhar Devarapalli,"Senior Director, Product Management",Databricks
Stan Lin,Tech Lead,Microsoft Corporation
Stefania Leone,Sr. Manager Product Management,Databricks
Stephen Shelton,"Vice President, Business Intelligence",Pluto TV
Steve Sobel,"Global Lead - Communications, Media & Entertainment",Databricks
Suhong Li,Professor,Bryant University
Suneel Konidala,Sr. Manager,Accenture
Sunil Ranganathan,"Director, MLOPs",Tredence
Surya Turaga,Sr. Solutions Architect,Databricks
Suze Howse,Head of Enterprise Data,Marks and Spencer
Tathagata Das,Software Engineer,Databricks
Taylor Hosbach,Data Scientist,DIRECTV
Teja Tangeda,Principal Data Engineer,American Airlines
Teresa Tung,Managing Director,Accenture
Thet Ko,Principal Data Engineer,SEEK
Thomas Kim,Data & AI Group Manager,Avanade
Thomas La Piana,Senior Software Engineer,Ethyca
Thomas Roach,Sr. Solutions Architect,Databricks
Thorsten Jacobs,Sr. Solutions Architect,Databricks
Tianyu Liu,Lead Data Scientist (Analytics),Grab
Timothy Loftus,"Manage of Atmospheric Science, Data Scientist III",AccuWeather
Timothy Ahrens,Messaging Design Division Chief,Department of State
Timur Mehmedbasic,North America Data Platform Modernization Lead,Avanade
Todd Greenstein,Product Manager,Databricks
Tom Tercek,"co-founder, chief strategy officer",Pumpjack Dataworks
Tomer Patel,Software Engineering Manager,Akamai Technologies
Tony Wang,PhD student,Stanford
Uri May,,Hunters
Vadivel Selvaraj,Staff Software Engineer,Rivian
Venkat Viswanathan,Sr Solutions Architect - D&A,AWS
Venkat Dasari,Partner,Databricks
Vicky Andonova,"Manager, Applied Machine Learning",Anomalo
Vijayan Prabhakaran,Senior Staff Engineer,Databricks
Vika Smilansky,Director of Product Marketing,ThoughtSpot
Vikas Reddy Aravabhumi,Staff Backline Engineer,Databricks
Vincent Chen,Direct of Product & Founding Engineer,Snorkel AI
Vini Jaiswal,Principal Developer Advocate,Open Source | AI & Data Evangelist
Vinit Doshi,Senior Manager,Tredence
Vinod Marur,SVP of Engineering,Databricks
Vishal Talwar,"Senior Managing Director- Global Growth & Offerings Lead, Accenture Technology",Accenture
Volker Tjaden,Manager Solution Architects,Databricks
Vuong Nguyen,Senior Solutions Architect,Databricks
Wanmei Ou,"VP of Product, Life Science and Data Analytics",McKesson Ontada
Wassym Bensaid,"Sr. Vice President, Software Development",Rivian
Wes Smith,Data & AI Specialist for VA,Microsoft
Weston Hutchins,Senior Staff Product Manager,Databricks
Will Girten,Sr. Specialist Solutions Architect,Databricks
William Zanine,"Head of Data Management, Channel and Specialty, US Information Management",IQVIA
Willy Lulciuc,Sr. Software Engineer,Astronomer
Xiao Li,Engineering Director,Databricks
Xiaotong Sun,Staff Software Engineer,Databricks
Xue Yang,Solution Architect,Databricks
Xuefu Wang,Sr. Data Scientist,The Trade Desk
Yali Sassoon,CPO,Snowplow
Yang You,Presidential Young Professor,National University of Singapore
Yaniv Kunda,Senior Software Architect,Akamai
Yaron Singer,CEO & Co-Founder,Robust Intelligence
Yeshwanth Vijayakumar,Sr Engineering Manager/Architect,Adobe
Young Bang,"Principal Deputy Assistant Secretary of the Army for Acquisition, Logistics and Technology",U.S. Army
Yu Gong,Staff Engineeer,Databricks
Yue Zhang,Staff Software Engineer,Block
Yuki Saito,Technical Evangelist,NTT DATA Corporation
Zachary Huang,PhD,Columbia University
Zachary Bannor,Data Engineering Manager,Condé Nast
Zaf Babin,VP Product Development,ADP
Zaheera Valani,Senior Director of Engineering,Databricks
Zeashan Pappa,Product Leader - Data Governance,Databricks
Zhenyu Zhao,Director of Data Science,Tencent
Zoe Lin,Senior Software Engineer,Airbnb
Zoe Durand,Senior Product Manager,Databricks
